-------------------------------------------------------------------------------------------------------------------
-- SEED DATA FOR TABLE PARTY_TYPE
-------------------------------------------------------------------------------------------------------------------
INSERT INTO PARTY_TYPE(PARTY_TYPE_ID, PARENT_TYPE_ID, DESCRIPTION ) VALUES ('AUTOMATED_AGENT', NULL, 'Automated Agent');
INSERT INTO PARTY_TYPE(PARTY_TYPE_ID, PARENT_TYPE_ID, DESCRIPTION ) VALUES ('CORPORATION', NULL, 'Corporation');
INSERT INTO PARTY_TYPE(PARTY_TYPE_ID, PARENT_TYPE_ID, DESCRIPTION ) VALUES ('FAMILY', NULL, 'Family');
INSERT INTO PARTY_TYPE(PARTY_TYPE_ID, PARENT_TYPE_ID, DESCRIPTION ) VALUES ('GOVERNMENT_AGENCY', NULL, 'Government Agency');
INSERT INTO PARTY_TYPE(PARTY_TYPE_ID, PARENT_TYPE_ID, DESCRIPTION ) VALUES ('INFORMAL_GROUP', NULL, 'Informal Group');
INSERT INTO PARTY_TYPE(PARTY_TYPE_ID, PARENT_TYPE_ID, DESCRIPTION ) VALUES ('LEGAL_ORGANIZATION', NULL, 'Legal Organization');
INSERT INTO PARTY_TYPE(PARTY_TYPE_ID, PARENT_TYPE_ID, DESCRIPTION ) VALUES ('PARTY_GROUP', NULL, 'Party Group');
INSERT INTO PARTY_TYPE(PARTY_TYPE_ID, PARENT_TYPE_ID, DESCRIPTION ) VALUES ('PERSON', NULL, 'Person');
INSERT INTO PARTY_TYPE(PARTY_TYPE_ID, PARENT_TYPE_ID, DESCRIPTION ) VALUES ('TEAM', NULL, 'Team');

-------------------------------------------------------------------------------------------------------------------
-- SEED DATA FOR TABLE PERSON COLUMN MARITAL_STATUS
-------------------------------------------------------------------------------------------------------------------
INSERT INTO STATUS_TYPE(STATUS_TYPE_ID, PARENT_TYPE_ID, DESCRIPTION ) VALUES ('MARITAL_STATUS' , NULL, 'Marital Status');
--
INSERT INTO STATUS_ITEM(STATUS_ID, STATUS_TYPE_ID, STATUS_CODE, SEQUENCE_ID, DESCRIPTION ) VALUES ('MRTL_MARRIED' , 'MARITAL_STATUS', 'MARRIED', '01', 'Married ');
INSERT INTO STATUS_ITEM(STATUS_ID, STATUS_TYPE_ID, STATUS_CODE, SEQUENCE_ID, DESCRIPTION ) VALUES ('MRTL_UNMARRIED' , 'MARITAL_STATUS', 'UNMARRIED', '02', 'Unmarried ');
INSERT INTO STATUS_ITEM(STATUS_ID, STATUS_TYPE_ID, STATUS_CODE, SEQUENCE_ID, DESCRIPTION ) VALUES ('MRTL_WIDOWER' , 'MARITAL_STATUS', 'WIDOWER', '03', 'Widower '); -- Viudo
INSERT INTO STATUS_ITEM(STATUS_ID, STATUS_TYPE_ID, STATUS_CODE, SEQUENCE_ID, DESCRIPTION ) VALUES ('MRTL_DIVORCED' , 'MARITAL_STATUS', 'DIVORCED', '04', 'Divorced ');
INSERT INTO STATUS_ITEM(STATUS_ID, STATUS_TYPE_ID, STATUS_CODE, SEQUENCE_ID, DESCRIPTION ) VALUES ('MRTL_SEPARATED' , 'MARITAL_STATUS', 'SEPARATED', '05', 'Separated ');
INSERT INTO STATUS_ITEM(STATUS_ID, STATUS_TYPE_ID, STATUS_CODE, SEQUENCE_ID, DESCRIPTION ) VALUES ('MRTL_PARTNER' , 'MARITAL_STATUS', 'PARTNER', '06', 'Partner ');

-------------------------------------------------------------------------------------------------------------------
-- SEED DATA FOR TABLE PERSON COLUMN EMPLOYMENT_STATUS_ENUM_ID
-------------------------------------------------------------------------------------------------------------------
INSERT INTO ENUMERATION_TYPE(ENUM_TYPE_ID, PARENT_TYPE_ID, DESCRIPTION ) VALUES ('EMPLOY_STTS' , NULL, 'Employment Status');
--
INSERT INTO ENUMERATION(ENUM_ID, ENUM_TYPE_ID, ENUM_CODE, SEQUENCE_ID, DESCRIPTION ) VALUES ('EMPS_FULLTIME' , 'EMPLOY_STTS', 'FULLTIME', '01', 'Full-time Employed');
INSERT INTO ENUMERATION(ENUM_ID, ENUM_TYPE_ID, ENUM_CODE, SEQUENCE_ID, DESCRIPTION ) VALUES ('EMPS_HOUSE' , 'EMPLOY_STTS', 'HOUSE', '02', 'House-Person');
INSERT INTO ENUMERATION(ENUM_ID, ENUM_TYPE_ID, ENUM_CODE, SEQUENCE_ID, DESCRIPTION ) VALUES ('EMPS_PARTTIME' , 'EMPLOY_STTS', 'PARTTIME', '03', 'Part-time Employed');
INSERT INTO ENUMERATION(ENUM_ID, ENUM_TYPE_ID, ENUM_CODE, SEQUENCE_ID, DESCRIPTION ) VALUES ('EMPS_RETIRED' , 'EMPLOY_STTS', 'RETIRED', '04', 'Retired');
INSERT INTO ENUMERATION(ENUM_ID, ENUM_TYPE_ID, ENUM_CODE, SEQUENCE_ID, DESCRIPTION ) VALUES ('EMPS_SELF' , 'EMPLOY_STTS', 'SELF', '05', 'Self Employed');
INSERT INTO ENUMERATION(ENUM_ID, ENUM_TYPE_ID, ENUM_CODE, SEQUENCE_ID, DESCRIPTION ) VALUES ('EMPS_STUDENT' , 'EMPLOY_STTS', 'STUDENT', '06', 'Student');
INSERT INTO ENUMERATION(ENUM_ID, ENUM_TYPE_ID, ENUM_CODE, SEQUENCE_ID, DESCRIPTION ) VALUES ('EMPS_UNEMP' , 'EMPLOY_STTS', 'UNEMP', '07', 'Unemployed');

-------------------------------------------------------------------------------------------------------------------
-- SEED DATA FOR TABLE PERSON COLUMN EMPLOYMENT_STATUS_ENUM_ID
-------------------------------------------------------------------------------------------------------------------
INSERT INTO ENUMERATION_TYPE(ENUM_TYPE_ID, PARENT_TYPE_ID, DESCRIPTION ) VALUES ('PTY_RESID_STTS' , NULL, 'Residence Status');
--
INSERT INTO ENUMERATION(ENUM_ID, ENUM_TYPE_ID, ENUM_CODE, SEQUENCE_ID, DESCRIPTION ) VALUES ('PRESS_OWN' , 'PTY_RESID_STTS', 'OWN', '01', 'Own Home');
INSERT INTO ENUMERATION(ENUM_ID, ENUM_TYPE_ID, ENUM_CODE, SEQUENCE_ID, DESCRIPTION ) VALUES ('PRESS_PARENTS' , 'PTY_RESID_STTS', 'PARENTS', '02', 'With Parents');
INSERT INTO ENUMERATION(ENUM_ID, ENUM_TYPE_ID, ENUM_CODE, SEQUENCE_ID, DESCRIPTION ) VALUES ('PRESS_PUB_TENANT' , 'PTY_RESID_STTS', 'PUB_TENANT', '03', 'Public Tenant');
INSERT INTO ENUMERATION(ENUM_ID, ENUM_TYPE_ID, ENUM_CODE, SEQUENCE_ID, DESCRIPTION ) VALUES ('PRESS_PVT_TENANT' , 'PTY_RESID_STTS', 'PVT_TENANT', '04', 'Private Tenant');

